[
{
    "fields": {
        "timezone": "Europe/Ljubljana",
        "url_name": "ig-basketball-meetup",
        "link": "http://www.meetup.com/ig-basketball-meetup/",
        "name": "Ig Basketball Meetup"
    },
    "model": "meetup_integration.group",
    "pk": 16919132
},
{
    "fields": {
        "status": "active",
        "group": 16919132,
        "link": "http://www.meetup.com/members/30805862",
        "name": "Nejc Zupec"
    },
    "model": "meetup_integration.member",
    "pk": 30805862
},
{
    "fields": {
        "status": "active",
        "group": 16919132,
        "link": "http://www.meetup.com/members/169619662",
        "name": "Jan \u017dupec"
    },
    "model": "meetup_integration.member",
    "pk": 169619662
},
{
    "fields": {
        "status": "active",
        "group": 16919132,
        "link": "http://www.meetup.com/members/170645182",
        "name": "Marko Mihalec"
    },
    "model": "meetup_integration.member",
    "pk": 170645182
},
{
    "fields": {
        "status": "active",
        "group": 16919132,
        "link": "http://www.meetup.com/members/170656222",
        "name": "Matej"
    },
    "model": "meetup_integration.member",
    "pk": 170656222
},
{
    "fields": {
        "status": "active",
        "group": 16919132,
        "link": "http://www.meetup.com/members/170736612",
        "name": "Samo"
    },
    "model": "meetup_integration.member",
    "pk": 170736612
},
{
    "fields": {
        "status": "active",
        "group": 16919132,
        "link": "http://www.meetup.com/members/170761102",
        "name": "BlazRu"
    },
    "model": "meetup_integration.member",
    "pk": 170761102
},
{
    "fields": {
        "status": "active",
        "group": 16919132,
        "link": "http://www.meetup.com/members/170935272",
        "name": "Nace"
    },
    "model": "meetup_integration.member",
    "pk": 170935272
},
{
    "fields": {
        "status": "active",
        "group": 16919132,
        "link": "http://www.meetup.com/members/170962712",
        "name": "\u010crt"
    },
    "model": "meetup_integration.member",
    "pk": 170962712
},
{
    "fields": {
        "status": "active",
        "group": 16919132,
        "link": "http://www.meetup.com/members/171043662",
        "name": "Luka"
    },
    "model": "meetup_integration.member",
    "pk": 171043662
},
{
    "fields": {
        "status": "active",
        "group": 16919132,
        "link": "http://www.meetup.com/members/171656282",
        "name": "Samo Ro\u017ei\u010d"
    },
    "model": "meetup_integration.member",
    "pk": 171656282
},
{
    "fields": {
        "status": "active",
        "group": 16919132,
        "link": "http://www.meetup.com/members/173314612",
        "name": "TStepi"
    },
    "model": "meetup_integration.member",
    "pk": 173314612
},
{
    "fields": {
        "status": "past",
        "event_url": "http://www.meetup.com/ig-basketball-meetup/events/206870312/",
        "group": 16919132,
        "name": "Basketball match #1"
    },
    "model": "meetup_integration.event",
    "pk": 206870312
},
{
    "fields": {
        "status": "past",
        "event_url": "http://www.meetup.com/ig-basketball-meetup/events/208552882/",
        "group": 16919132,
        "name": "Basketball match #2"
    },
    "model": "meetup_integration.event",
    "pk": 208552882
},
{
    "fields": {
        "status": "past",
        "event_url": "http://www.meetup.com/ig-basketball-meetup/events/208553242/",
        "group": 16919132,
        "name": "Basketball match #3"
    },
    "model": "meetup_integration.event",
    "pk": 208553242
},
{
    "fields": {
        "status": "past",
        "event_url": "http://www.meetup.com/ig-basketball-meetup/events/211512782/",
        "group": 16919132,
        "name": "Basketball match #4"
    },
    "model": "meetup_integration.event",
    "pk": 211512782
},
{
    "fields": {
        "status": "past",
        "event_url": "http://www.meetup.com/ig-basketball-meetup/events/213186852/",
        "group": 16919132,
        "name": "Basketball match #5"
    },
    "model": "meetup_integration.event",
    "pk": 213186852
},
{
    "fields": {
        "status": "past",
        "event_url": "http://www.meetup.com/ig-basketball-meetup/events/214203812/",
        "group": 16919132,
        "name": "Basketball match #6"
    },
    "model": "meetup_integration.event",
    "pk": 214203812
},
{
    "fields": {
        "member": 170761102,
        "attendance": true,
        "event": 206870312,
        "rsvp": "yes"
    },
    "model": "meetup_integration.attendance",
    "pk": 1
},
{
    "fields": {
        "member": 169619662,
        "attendance": true,
        "event": 206870312,
        "rsvp": "yes"
    },
    "model": "meetup_integration.attendance",
    "pk": 2
},
{
    "fields": {
        "member": 170645182,
        "attendance": true,
        "event": 206870312,
        "rsvp": "yes"
    },
    "model": "meetup_integration.attendance",
    "pk": 3
},
{
    "fields": {
        "member": 170656222,
        "attendance": true,
        "event": 206870312,
        "rsvp": "yes"
    },
    "model": "meetup_integration.attendance",
    "pk": 4
},
{
    "fields": {
        "member": 170736612,
        "attendance": true,
        "event": 206870312,
        "rsvp": "yes"
    },
    "model": "meetup_integration.attendance",
    "pk": 5
},
{
    "fields": {
        "member": 171656282,
        "attendance": true,
        "event": 206870312,
        "rsvp": "yes"
    },
    "model": "meetup_integration.attendance",
    "pk": 6
},
{
    "fields": {
        "member": 170962712,
        "attendance": true,
        "event": 206870312,
        "rsvp": "yes"
    },
    "model": "meetup_integration.attendance",
    "pk": 7
},
{
    "fields": {
        "member": 170761102,
        "attendance": true,
        "event": 214203812,
        "rsvp": "yes"
    },
    "model": "meetup_integration.attendance",
    "pk": 8
},
{
    "fields": {
        "member": 171043662,
        "attendance": true,
        "event": 214203812,
        "rsvp": "yes"
    },
    "model": "meetup_integration.attendance",
    "pk": 9
},
{
    "fields": {
        "member": 170656222,
        "attendance": true,
        "event": 214203812,
        "rsvp": "yes"
    },
    "model": "meetup_integration.attendance",
    "pk": 10
},
{
    "fields": {
        "member": 170935272,
        "attendance": true,
        "event": 214203812,
        "rsvp": "yes"
    },
    "model": "meetup_integration.attendance",
    "pk": 11
},
{
    "fields": {
        "member": 30805862,
        "attendance": true,
        "event": 214203812,
        "rsvp": "yes"
    },
    "model": "meetup_integration.attendance",
    "pk": 12
},
{
    "fields": {
        "member": 170736612,
        "attendance": true,
        "event": 214203812,
        "rsvp": "yes"
    },
    "model": "meetup_integration.attendance",
    "pk": 13
},
{
    "fields": {
        "member": 171656282,
        "attendance": true,
        "event": 214203812,
        "rsvp": "yes"
    },
    "model": "meetup_integration.attendance",
    "pk": 14
},
{
    "fields": {
        "member": 173314612,
        "attendance": true,
        "event": 214203812,
        "rsvp": "yes"
    },
    "model": "meetup_integration.attendance",
    "pk": 15
},
{
    "fields": {
        "member": 170962712,
        "attendance": true,
        "event": 214203812,
        "rsvp": "yes"
    },
    "model": "meetup_integration.attendance",
    "pk": 16
},
{
    "fields": {
        "member": 170761102,
        "attendance": true,
        "event": 213186852,
        "rsvp": "yes"
    },
    "model": "meetup_integration.attendance",
    "pk": 17
},
{
    "fields": {
        "member": 169619662,
        "attendance": true,
        "event": 213186852,
        "rsvp": "yes"
    },
    "model": "meetup_integration.attendance",
    "pk": 18
},
{
    "fields": {
        "member": 171043662,
        "attendance": true,
        "event": 213186852,
        "rsvp": "yes"
    },
    "model": "meetup_integration.attendance",
    "pk": 19
},
{
    "fields": {
        "member": 170645182,
        "attendance": true,
        "event": 213186852,
        "rsvp": "yes"
    },
    "model": "meetup_integration.attendance",
    "pk": 20
},
{
    "fields": {
        "member": 170656222,
        "attendance": true,
        "event": 213186852,
        "rsvp": "yes"
    },
    "model": "meetup_integration.attendance",
    "pk": 21
},
{
    "fields": {
        "member": 170935272,
        "attendance": true,
        "event": 213186852,
        "rsvp": "yes"
    },
    "model": "meetup_integration.attendance",
    "pk": 22
},
{
    "fields": {
        "member": 30805862,
        "attendance": true,
        "event": 213186852,
        "rsvp": "yes"
    },
    "model": "meetup_integration.attendance",
    "pk": 23
},
{
    "fields": {
        "member": 170736612,
        "attendance": true,
        "event": 213186852,
        "rsvp": "yes"
    },
    "model": "meetup_integration.attendance",
    "pk": 24
},
{
    "fields": {
        "member": 171656282,
        "attendance": true,
        "event": 213186852,
        "rsvp": "yes"
    },
    "model": "meetup_integration.attendance",
    "pk": 25
},
{
    "fields": {
        "member": 173314612,
        "attendance": true,
        "event": 213186852,
        "rsvp": "yes"
    },
    "model": "meetup_integration.attendance",
    "pk": 26
},
{
    "fields": {
        "member": 170962712,
        "attendance": true,
        "event": 213186852,
        "rsvp": "yes"
    },
    "model": "meetup_integration.attendance",
    "pk": 27
},
{
    "fields": {
        "member": 170761102,
        "attendance": true,
        "event": 211512782,
        "rsvp": "yes"
    },
    "model": "meetup_integration.attendance",
    "pk": 28
},
{
    "fields": {
        "member": 169619662,
        "attendance": true,
        "event": 211512782,
        "rsvp": "yes"
    },
    "model": "meetup_integration.attendance",
    "pk": 29
},
{
    "fields": {
        "member": 171043662,
        "attendance": true,
        "event": 211512782,
        "rsvp": "yes"
    },
    "model": "meetup_integration.attendance",
    "pk": 30
},
{
    "fields": {
        "member": 170645182,
        "attendance": true,
        "event": 211512782,
        "rsvp": "yes"
    },
    "model": "meetup_integration.attendance",
    "pk": 31
},
{
    "fields": {
        "member": 170656222,
        "attendance": true,
        "event": 211512782,
        "rsvp": "yes"
    },
    "model": "meetup_integration.attendance",
    "pk": 32
},
{
    "fields": {
        "member": 170935272,
        "attendance": true,
        "event": 211512782,
        "rsvp": "yes"
    },
    "model": "meetup_integration.attendance",
    "pk": 33
},
{
    "fields": {
        "member": 30805862,
        "attendance": true,
        "event": 211512782,
        "rsvp": "yes"
    },
    "model": "meetup_integration.attendance",
    "pk": 34
},
{
    "fields": {
        "member": 170736612,
        "attendance": true,
        "event": 211512782,
        "rsvp": "yes"
    },
    "model": "meetup_integration.attendance",
    "pk": 35
},
{
    "fields": {
        "member": 173314612,
        "attendance": true,
        "event": 211512782,
        "rsvp": "yes"
    },
    "model": "meetup_integration.attendance",
    "pk": 36
},
{
    "fields": {
        "member": 170962712,
        "attendance": true,
        "event": 211512782,
        "rsvp": "yes"
    },
    "model": "meetup_integration.attendance",
    "pk": 37
},
{
    "fields": {
        "member": 170761102,
        "attendance": true,
        "event": 208553242,
        "rsvp": "yes"
    },
    "model": "meetup_integration.attendance",
    "pk": 38
},
{
    "fields": {
        "member": 169619662,
        "attendance": true,
        "event": 208553242,
        "rsvp": "No RSVP"
    },
    "model": "meetup_integration.attendance",
    "pk": 39
},
{
    "fields": {
        "member": 171043662,
        "attendance": true,
        "event": 208553242,
        "rsvp": "yes"
    },
    "model": "meetup_integration.attendance",
    "pk": 40
},
{
    "fields": {
        "member": 170645182,
        "attendance": true,
        "event": 208553242,
        "rsvp": "yes"
    },
    "model": "meetup_integration.attendance",
    "pk": 41
},
{
    "fields": {
        "member": 170656222,
        "attendance": true,
        "event": 208553242,
        "rsvp": "yes"
    },
    "model": "meetup_integration.attendance",
    "pk": 42
},
{
    "fields": {
        "member": 170935272,
        "attendance": true,
        "event": 208553242,
        "rsvp": "yes"
    },
    "model": "meetup_integration.attendance",
    "pk": 43
},
{
    "fields": {
        "member": 30805862,
        "attendance": true,
        "event": 208553242,
        "rsvp": "yes"
    },
    "model": "meetup_integration.attendance",
    "pk": 44
},
{
    "fields": {
        "member": 170736612,
        "attendance": true,
        "event": 208553242,
        "rsvp": "yes"
    },
    "model": "meetup_integration.attendance",
    "pk": 45
},
{
    "fields": {
        "member": 173314612,
        "attendance": true,
        "event": 208553242,
        "rsvp": "yes"
    },
    "model": "meetup_integration.attendance",
    "pk": 46
},
{
    "fields": {
        "member": 170962712,
        "attendance": true,
        "event": 208553242,
        "rsvp": "yes"
    },
    "model": "meetup_integration.attendance",
    "pk": 47
},
{
    "fields": {
        "member": 170761102,
        "attendance": true,
        "event": 208552882,
        "rsvp": "yes"
    },
    "model": "meetup_integration.attendance",
    "pk": 48
},
{
    "fields": {
        "member": 169619662,
        "attendance": true,
        "event": 208552882,
        "rsvp": "yes"
    },
    "model": "meetup_integration.attendance",
    "pk": 49
},
{
    "fields": {
        "member": 171043662,
        "attendance": true,
        "event": 208552882,
        "rsvp": "yes"
    },
    "model": "meetup_integration.attendance",
    "pk": 50
},
{
    "fields": {
        "member": 170645182,
        "attendance": true,
        "event": 208552882,
        "rsvp": "yes"
    },
    "model": "meetup_integration.attendance",
    "pk": 51
},
{
    "fields": {
        "member": 170736612,
        "attendance": true,
        "event": 208552882,
        "rsvp": "yes"
    },
    "model": "meetup_integration.attendance",
    "pk": 52
},
{
    "fields": {
        "member": 173314612,
        "attendance": true,
        "event": 208552882,
        "rsvp": "yes"
    },
    "model": "meetup_integration.attendance",
    "pk": 53
},
{
    "fields": {
        "member": 170962712,
        "attendance": true,
        "event": 208552882,
        "rsvp": "yes"
    },
    "model": "meetup_integration.attendance",
    "pk": 54
},
{
    "fields": {
        "match_win": 3,
        "match_lose": 1,
        "name": "A",
        "members": [
            30805862,
            170645182,
            170656222,
            170736612,
            170962712
        ],
        "event": 213186852
    },
    "model": "meetup_integration.team",
    "pk": 1
},
{
    "fields": {
        "match_win": 1,
        "match_lose": 3,
        "name": "B",
        "members": [
            169619662,
            170761102,
            170935272,
            171043662,
            171656282,
            173314612
        ],
        "event": 213186852
    },
    "model": "meetup_integration.team",
    "pk": 2
},
{
    "fields": {
        "match_win": 2,
        "match_lose": 2,
        "name": "A",
        "members": [
            30805862,
            170656222,
            170962712,
            173314612
        ],
        "event": 214203812
    },
    "model": "meetup_integration.team",
    "pk": 3
},
{
    "fields": {
        "match_win": 2,
        "match_lose": 2,
        "name": "B",
        "members": [
            170736612,
            170761102,
            170935272,
            171656282
        ],
        "event": 214203812
    },
    "model": "meetup_integration.team",
    "pk": 4
},
{
    "fields": {
        "name": "2014/2015",
        "slug": ""
    },
    "model": "meetup_integration.season",
    "pk": 1
},
{
    "fields": {
        "name": "2015/2016",
        "slug": "15/16"
    },
    "model": "meetup_integration.season",
    "pk": 2
}
]
